{"cameraMode":{"drawMode":0,"name":"Shaded","section":"Shading Mode"},"sceneLighting":true,"audioPlay":false,"sceneViewState":{"m_AlwaysRefresh":true,"showFog":true,"showSkybox":true,"showFlares":true,"showImageEffects":true,"showParticleSystems":true,"showVisualEffectGraphs":true,"m_FxEnabled":true},"in2DMode":false,"pivot":{"x":1.3770756721496583,"y":1.6015504598617554,"z":5.258822441101074},"rotation":{"x":0.18175800144672395,"y":-0.5599631667137146,"z":0.1273903250694275,"w":0.7982874512672424},"size":2.6191112995147707,"orthographic":false}