{"cameraMode":{"drawMode":0,"name":"Shaded","section":"Shading Mode"},"sceneLighting":true,"audioPlay":false,"sceneViewState":{"m_AlwaysRefresh":true,"showFog":true,"showSkybox":true,"showFlares":true,"showImageEffects":true,"showParticleSystems":true,"showVisualEffectGraphs":true,"m_FxEnabled":true},"in2DMode":false,"pivot":{"x":344.4657897949219,"y":202.6000213623047,"z":163.42112731933595},"rotation":{"x":-0.18670476973056794,"y":-0.17261789739131928,"z":0.033417023718357089,"w":-0.9666455984115601},"size":1490.052490234375,"orthographic":false}