{"cameraMode":{"drawMode":0,"name":"Shaded","section":"Shading Mode"},"sceneLighting":true,"audioPlay":false,"sceneViewState":{"m_AlwaysRefresh":true,"showFog":true,"showSkybox":true,"showFlares":true,"showImageEffects":true,"showParticleSystems":true,"showVisualEffectGraphs":true,"m_FxEnabled":true},"in2DMode":false,"pivot":{"x":344.4657897949219,"y":202.6000213623047,"z":163.42112731933595},"rotation":{"x":0.014686239883303643,"y":-0.025222955271601678,"z":-0.00033912534127011895,"w":-0.9996590614318848},"size":281.416259765625,"orthographic":false}