{"cameraMode":{"drawMode":0,"name":"Shaded","section":"Shading Mode"},"sceneLighting":false,"audioPlay":false,"sceneViewState":{"m_AlwaysRefresh":true,"showFog":true,"showSkybox":false,"showFlares":true,"showImageEffects":true,"showParticleSystems":true,"showVisualEffectGraphs":true,"m_FxEnabled":true},"in2DMode":false,"pivot":{"x":-88.05999755859375,"y":-14.495563507080079,"z":-66.62000274658203},"rotation":{"x":0.03929154574871063,"y":-0.0251639261841774,"z":0.0008936967351473868,"w":0.9989611506462097},"size":5.2039570808410648,"orthographic":false}