{"cameraMode":{"drawMode":0,"name":"Shaded","section":"Shading Mode"},"sceneLighting":false,"audioPlay":false,"sceneViewState":{"m_AlwaysRefresh":true,"showFog":true,"showSkybox":false,"showFlares":true,"showImageEffects":true,"showParticleSystems":true,"showVisualEffectGraphs":true,"m_FxEnabled":true},"in2DMode":false,"pivot":{"x":0.0014882087707519532,"y":2.393402576446533,"z":26.60257339477539},"rotation":{"x":0.13691401481628419,"y":0.18490658700466157,"z":-0.02601475454866886,"w":0.9728880524635315},"size":4.972739219665527,"orthographic":false}